48.1,47.33,42.27,38.41,35.72,35.13,36.22,32.4,36.6,43.1,
45.14,45.14,47.35,47.35,43.61,44.91,48.1,58.02,61.01,62.69,
60.41,58.15,53.6,47.34,40.4,36.0,37.0,35.99,37.98,43.61,
56.1,57.69,60.01,62.25,60.01,59.97,59.69,58.69,58.13,59.0,
59.69,63.76,65.01,65.01,61.75,59.96,58.69,52.1,47.84,43.66,
43.66,41.98,43.93,46.02,50.92,55.57,58.1,59.8,59.51,59.0,
58.13,56.9,52.69,52.1,56.1,59.0,59.8,59.92,59.51,58.1,
56.1,41.3,40.19,38.4,36.0,35.0,35.5,36.0,36.49,38.5,
41.86,48.51,48.51,45.5,47.71,46.48,39.82,39.6,47.69,59.11,
61.26,62.31,62.69,61.19,59.8,56.06,48.07,43.93,45.67,45.69,
47.49,57.5,63.0,65.11,66.96,67.52,65.97,63.68,62.71,60.01,
59.8,59.98,63.46,67.52,69.0,67.52,65.11,63.07,59.8,57.98,
50.45,46.0,43.84,40.13,40.0,43.32,50.0,49.53,54.0,59.28,
59.69,56.86,54.2,52.69,53.2,52.79,57.0,60.69,62.99,63.7,
62.69,60.1,59.86,52.85,49.67,48.95,50.0,47.73,51.12,60.1,
66.49,68.81,79.99,85.05,79.99,68.81,67.24,64.89,64.13,65.1,
67.24,70.4,75.0,70.55,66.69,63.19,61.53,61.5,60.1,58.69,
58.1,54.56,57.59,60.89,67.5,69.1,74.69,75.96,73.6,69.96,
68.0,65.1,64.89,66.49,67.73,71.46,74.69,71.0,66.49,63.31,
61.69,56.73,50.25,48.89,49.14,49.14,50.6,59.82,67.69,69.19,
73.02,75.69,73.0,70.2,69.0,65.0,64.99,67.52,69.0,70.15,
71.0,69.0,65.01,63.05,59.33,48.6,47.6,43.05,43.0,43.83,
45.0,47.43,54.12,60.69,64.82,67.69,66.2,65.01,64.82,62.43,
58.58,58.34,61.69,63.89,65.69,65.69,63.71,59.33,57.3,44.39,
41.3,39.41,39.41,38.4,37.0,37.0,37.59,38.5,41.5,43.0,
43.39,40.8,42.88,42.0,39.2,39.54,43.39,62.32,66.2,68.03,
67.92,64.82,59.82,48.96,45.34,41.3,41.0,41.01,43.05,49.21,
62.01,63.89,70.0,70.69,70.52,67.11,64.3,62.01,60.76,62.01,
63.5,66.2,69.7,67.69,62.99,54.56,55.0,46.17,42.0,40.8,
39.69,39.2,40.0,44.93,58.34,62.2,66.2,68.52,66.49,63.31,
61.84,57.46,57.59,60.69,62.56,67.11,70.2,69.1,63.89,61.84,
59.76,50.25,43.22,43.05,43.21,43.05,46.83,60.69,68.03,71.46,
78.9,81.12,77.15,71.15,68.25,63.89,63.01,64.89,67.11,69.96,
70.52,68.75,62.99,55.0,45.67,39.0,35.0,34.73,33.04,32.25,
33.0,38.0,48.62,57.59,63.01,64.0,62.01,54.87,45.3,41.35,
40.8,45.03,52.47,61.69,63.43,62.01,54.12,42.35,40.13,36.0,
34.0,33.04,33.04,33.73,35.0,40.69,57.93,64.89,70.52,71.25,
68.69,62.56,58.34,48.84,46.25,54.02,58.98,63.52,66.94,64.89,
59.88,55.02,45.34,36.54,33.8,33.04,33.04,33.04,34.0,36.0,
41.19,48.2,60.64,64.88,64.88,62.5,58.69,47.0,40.4,39.84,
43.1,56.68,59.82,57.59,53.7,42.25,37.78,36.24,33.8,28.75,
27.57,25.0,27.25,28.79,33.6,34.9,39.84,43.97,53.98,50.1,
53.69,52.8,42.51,42.0,42.51,55.57,60.8,59.82,57.59,53.69,
42.51,38.24,34.9,33.04,29.53,28.07,31.17,39.2,52.07,56.49,
64.88,65.02,64.88,59.07,55.69,47.72,47.43,54.56,60.69,67.25,
70.01,69.0,65.69,60.76,56.69,46.67,42.44,42.02,40.0,39.4,
42.02,47.43,63.89,67.69,71.15,77.51,74.75,69.89,67.94,65.01,
65.01,66.6,67.94,69.89,70.91,69.18,65.75,63.1,57.59,60.01,
47.43,45.94,43.77,42.0,42.88,46.04,59.82,62.33,65.69,67.75,
65.01,59.01,52.6,45.13,44.95,46.25,55.47,59.82,58.34,55.02,
45.0,42.0,38.5,39.96,38.4,36.98,33.33,33.04,33.33,39.2,
45.03,57.2,61.57,63.27,61.45,55.35,54.01,47.43,47.37,51.99,
59.2,64.56,65.0,63.91,60.76,55.1,48.0,44.45,42.1,39.4,
38.0,35.0,38.0,43.6,57.66,62.1,67.01,68.5,67.0,62.78,
59.65,50.1,50.1,52.6,58.34,62.42,65.0,63.13,60.03,57.59,
47.87,44.01,43.12,40.43,36.1,35.0,35.0,39.1,41.35,42.58,
51.9,57.1,57.59,55.79,52.6,45.2,43.1,40.43,43.52,53.04,
57.9,57.59,57.25,50.95,45.95,39.79,31.4,25.83,28.58,25.88,
28.13,30.0,30.6,32.8,38.4,40.5,41.0,40.5,40.44,38.5,
34.82,35.9,40.5,55.1,62.7,63.89,61.95,58.34,51.1,40.84,
38.0,35.09,35.0,35.63,36.99,45.1,60.76,65.01,68.85,69.7,
69.49,67.48,65.78,61.64,60.76,62.75,65.78,69.0,71.15,69.7,
67.01,63.0,57.59,52.1,43.52,41.1,40.0,39.8,40.1,46.25,
61.89,66.15,69.49,70.52,67.7,63.89,60.77,55.1,57.1,56.38,
57.3,63.29,66.0,64.16,61.0,56.18,54.1,42.74,40.38,39.5,
39.5,39.68,40.1,44.93,62.0,68.03,70.64,72.52,70.2,68.03,
65.0,59.82,58.38,59.89,63.0,67.1,69.1,68.2,63.1,58.18,
48.75,45.28,42.67,40.09,39.1,38.4,38.5,44.52,49.69,54.55,
59.82,61.44,56.01,48.77,41.45,37.63,34.52,37.4,39.1,49.19,
52.0,47.87,39.9,36.07,30.52,24.12,7.88,7.04,10.52,7.0,
7.04,25.0,34.31,42.59,49.02,52.01,50.01,47.45,42.59,34.48,
33.8,36.0,42.0,50.0,52.01,49.0,42.94,38.4,29.93,5.0,
10.0,10.0,14.84,14.84,12.42,10.0,9.9,17.2,25.1,35.62,
34.3,23.23,18.2,10.0,14.84,14.84,14.84,22.33,35.62,40.4,
37.54,34.6,22.43,10.0,7.0,5.0,4.0,4.0,4.8,5.0,
7.04,7.04,7.88,10.71,10.0,7.04,7.0,6.33,5.0,6.21,
9.98,33.15,50.0,52.01,50.01,45.8,41.74,42.47,36.67,35.0,
31.04,29.87,30.5,39.2,53.1,53.6,56.1,63.89,62.61,56.1,
54.1,43.89,42.59,43.89,49.64,52.5,64.89,61.99,54.1,46.45,
38.4,31.5,28.71,23.33,20.01,19.99,20.0,26.2,40.82,42.59,
55.0,57.59,55.57,54.69,51.38,42.59,42.55,43.89,51.1,54.69,
66.12,61.75,54.7,51.8,44.86,32.4,27.71,25.0,23.98,22.0,
24.6,30.0,45.01,51.69,57.25,58.31,54.1,51.14,42.59,30.62,
29.5,31.5,35.15,42.59,54.1,56.07,50.83,40.82,31.5,27.21,
26.28,17.0,20.0,17.0,25.0,30.0,43.89,50.69,57.25,58.49,
55.1,52.6,47.1,42.59,42.55,43.89,48.6,52.6,61.01,57.99,
53.0,47.5,46.25,41.27,33.73,30.15,28.0,28.0,30.15,37.03,
52.69,53.89,58.7,59.99,55.1,53.35,49.64,40.75,40.4,42.19,
48.6,52.6,57.99,56.1,54.49,52.03,50.01,53.68,51.49,47.44,
43.94,42.45,43.94,45.21,49.11,49.97,53.81,56.62,55.19,54.24,
55.74,53.24,51.37,50.51,51.69,61.25,70.03,64.89,60.0,55.19,
53.24,50.42,43.98,40.94,39.51,39.0,40.13,42.1,43.98,42.1,
43.76,43.98,40.94,37.02,34.84,33.21,27.0,26.39,26.84,37.1,
45.56,50.48,49.88,45.56,40.56,34.23,30.08,26.0,25.75,25.76,
26.83,34.84,52.86,55.28,60.75,62.21,60.02,60.0,59.16,55.1,
54.16,55.7,58.9,63.89,82.01,77.56,63.89,59.34,55.7,50.3,
49.0,43.76,43.06,42.88,43.94,49.92,65.01,66.19,68.66,70.7,
70.09,68.78,66.69,61.9,61.01,63.89,64.1,67.48,71.0,71.0,
66.69,62.0,56.19,50.01,47.41,45.42,43.76,42.39,44.3,49.78,
68.03,68.03,72.02,73.21,72.19,72.02,70.19,68.03,68.05,69.65,
69.49,71.15,74.71,77.15,72.21,71.0,68.6,64.1,54.69,50.0,
47.9,47.9,47.9,53.35,69.0,70.6,75.71,75.71,73.21,72.21,
70.59,69.1,69.0,69.65,68.03,72.0,74.71,75.79,71.75,69.65,
66.1,59.0,49.07,45.3,42.43,41.62,41.71,45.42,58.25,57.84,
60.1,60.1,58.03,54.35,49.89,47.54,44.19,43.2,45.75,51.49,
59.99,61.1,60.0,52.6,46.3,41.3,36.19,35.68,33.18,31.43,
32.85,33.93,36.12,37.8,44.02,47.31,47.1,44.1,43.5,37.9,
33.93,32.4,35.01,40.1,44.98,45.1,42.61,42.71,37.21,27.5,
20.0,12.51,10.0,8.4,9.34,12.4,16.33,21.1,26.55,33.02,
34.15,27.33,26.86,26.32,25.5,25.5,29.65,38.81,50.24,54.92,
53.15,54.33,49.74,43.2,37.2,35.01,34.5,34.34,34.7,39.33,
53.42,57.36,65.1,66.73,68.03,63.3,59.5,54.01,49.87,52.46,
54.76,55.21,67.7,61.49,53.01,49.99,39.36,39.1,37.1,26.56,
25.01,20.1,25.0,28.11,42.69,41.1,48.99,48.99,44.89,43.5,
40.1,38.71,38.98,40.0,42.0,44.0,55.1,53.59,48.99,44.01,
39.33,28.2,27.5,20.0,20.66,24.15,22.0,28.68,52.0,53.1,
58.1,56.69,54.8,54.85,53.05,50.36,50.1,52.0,54.0,57.95,
61.55,60.19,56.69,55.46,51.65,47.54,45.94,43.9,41.3,40.84,
41.47,47.15,56.77,59.03,62.43,61.49,60.22,60.25,58.01,56.15,
56.77,58.13,58.21,61.3,71.4,75.8,68.03,60.35,58.01,48.15,
47.02,44.16,41.11,40.52,42.63,49.29,57.2,57.18,59.2,58.92,
58.09,57.0,53.03,51.9,49.81,49.4,50.39,53.0,58.1,59.99,
58.09,53.1,50.93,50.03,45.1,41.25,39.1,37.49,39.94,38.4,
37.5,36.15,43.55,46.1,43.1,35.93,36.1,27.72,17.67,12.0,
17.65,28.21,36.1,40.0,37.5,33.4,29.56,12.4,10.15,5.02,
4.99,4.99,5.0,6.5,11.7,12.0,13.0,15.55,15.55,12.4,
15.25,9.85,5.02,5.0,5.02,25.05,39.96,47.15,43.6,40.0,
30.1,24.99,10.0,5.0,5.0,5.0,7.5,24.6,35.6,36.6,
46.63,49.62,45.41,45.04,42.1,28.51,27.52,28.4,30.0,33.83,
44.0,45.04,38.4,27.91,25.0,12.4,5.0,4.0,4.8,4.8,
5.0,19.09,32.54,30.11,37.6,35.01,30.1,27.79,27.26,24.13,
24.13,26.1,28.34,33.49,46.1,51.5,45.2,40.0,33.71,30.01,
25.05,20.43,13.0,12.4,16.5,26.11,43.0,40.0,48.0,44.0,
39.6,38.4,34.51,28.63,28.6,34.2,37.08,37.59,48.8,51.48,
43.1,38.55,37.33,35.1,27.28,24.1,22.1,22.1,23.13,32.02,
42.0,46.1,50.1,51.48,47.05,46.03,44.92,41.1,40.0,42.9,
43.4,43.82,56.0,53.15,48.82,46.38,42.9,42.01,28.4,26.0,
24.4,24.13,25.0,28.49,44.4,44.4,45.1,46.1,44.4,44.4,
44.1,40.57,40.0,40.0,40.0,40.0,48.03,50.1,48.82,47.5,
45.0,34.8,30.1,27.4,27.32,27.27,27.22,28.22,28.59,30.13,
35.12,41.79,41.7,40.7,41.7,35.12,30.1,28.58,31.27,41.32,
45.0,45.9,44.51,40.7,35.12,35.62,27.1,25.0,20.01,17.1,
17.22,20.14,19.87,20.22,25.22,25.13,27.1,28.71,25.6,23.68,
16.1,14.1,19.52,25.13,39.71,44.0,41.21,35.69,30.23,20.17,
15.1,13.55,13.0,12.0,18.1,30.23,43.52,47.05,50.0,50.48,
49.38,49.12,49.05,47.47,45.94,45.94,46.26,50.48,70.16,77.15,
75.6,54.92,50.94,53.1,49.34,46.16,44.4,41.96,45.53,51.1,
55.49,60.19,63.5,61.69,58.69,57.19,57.69,53.69,51.8,51.1,
52.52,55.49,67.32,69.69,60.53,53.15,48.97,43.99,41.0,38.15,
31.95,25.0,22.12,28.83,32.95,41.0,42.1,42.0,40.0,35.5,
38.4,31.45,28.48,28.41,30.0,32.45,41.6,44.69,41.52,34.67,
27.55,15.99,7.88,5.13,5.0,4.13,5.0,12.22,20.0,27.57,
30.0,30.68,28.7,28.76,28.85,27.56,27.95,28.45,33.0,39.59,
47.29,52.1,47.09,42.59,40.4,39.0,35.03,30.0,28.25,28.24,
34.75,43.4,50.48,52.69,59.01,57.0,52.97,50.48,50.48,49.33,
45.4,45.1,47.01,52.69,62.0,71.0,62.0,52.69,50.48,47.1,
43.76,41.36,37.5,35.13,34.75,37.32,39.99,45.09,48.1,46.14,
45.1,45.1,46.0,45.09,43.4,43.0,43.08,46.1,56.4,60.75,
60.0,53.38,48.1,49.29,44.96,40.16,35.84,33.35,33.32,33.6,
32.81,33.43,33.88,38.17,40.0,39.0,38.17,33.6,28.16,25.02,
25.13,36.13,44.17,49.29,48.0,44.96,42.01,37.5,35.0,32.15,
28.53,27.83,32.0,43.87,50.32,56.65,55.3,52.3,51.16,51.03,
50.8,47.1,45.59,44.96,45.36,50.25,58.99,59.52,57.8,51.03,
45.59,47.96,45.0,43.38,42.4,43.0,44.84,47.96,54.45,59.69,
60.69,58.9,56.78,56.0,55.69,49.92,47.96,47.96,48.35,57.19,
65.18,69.49,67.44,59.69,54.19,47.96,43.92,41.07,40.0,39.95,
40.69,45.96,52.68,56.61,58.1,53.16,51.32,49.03,48.35,45.9,
44.0,43.0,43.92,50.19,56.64,58.0,53.69,52.12,47.74,47.96,
42.21,40.69,40.69,40.69,42.21,47.86,55.39,58.13,55.16,51.4,
48.35,48.02,47.96,43.1,39.3,38.17,42.01,47.96,52.5,52.98,
48.18,45.0,42.39,38.55,31.4,29.5,29.78,30.3,32.0,41.64,
45.01,46.07,47.38,45.01,44.42,45.0,43.28,43.51,41.6,41.6,
42.64,42.01,50.2,52.01,47.7,46.63,46.32,44.2,41.08,38.04,
36.93,34.17,35.14,38.0,38.4,41.5,43.82,42.15,41.5,41.6,
40.65,38.4,33.81,32.22,36.52,43.4,49.25,50.13,47.5,46.89,
44.12,43.1,40.87,37.75,33.0,31.92,31.4,32.0,32.0,34.06,
40.07,41.5,43.1,44.2,44.32,43.1,39.07,36.14,36.93,42.01,
51.69,56.95,54.32,52.0,49.8,48.9,43.88,41.35,40.07,41.0,
44.3,50.0,56.0,61.54,63.51,63.0,60.13,59.89,57.35,55.73,
54.1,53.25,55.42,58.7,63.5,62.1,60.1,55.0,51.0,48.31,
45.0,43.1,41.5,41.1,43.1,46.8,48.71,50.0,52.05,50.76,
48.18,46.03,45.85,44.0,42.0,43.79,45.0,45.56,52.21,52.45,
49.1,47.72,45.76,44.66,40.29,38.4,37.02,36.6,39.02,45.1,
49.13,52.69,54.66,52.61,52.0,51.1,50.0,48.43,46.02,45.1,
45.44,47.04,51.69,51.69,49.1,47.89,45.0,36.28,31.6,29.89,
28.3,28.16,30.0,35.99,41.5,43.0,46.1,46.1,44.1,44.1,
43.0,40.02,35.13,32.4,37.0,39.3,41.04,47.02,42.91,40.9,
41.5,35.35,28.5,26.51,25.25,25.25,26.0,30.0,41.19,43.6,
45.73,45.6,41.5,41.1,41.5,41.5,41.1,41.1,41.5,43.02,
46.0,49.84,46.0,45.5,46.29,45.6,43.1,38.0,34.17,33.17,
33.67,38.4,40.81,43.1,45.1,46.35,46.35,46.0,45.85,43.69,
40.5,41.5,44.69,45.02,49.1,53.16,49.97,47.5,44.69,42.0,
36.07,31.3,28.46,28.02,28.05,28.5,28.21,28.51,32.4,43.69,
45.69,45.78,45.7,45.35,42.1,42.0,37.1,42.0,51.52,59.01,
59.01,53.01,49.19,50.77,47.75,45.03,42.06,42.0,45.83,52.0,
57.85,59.79,61.69,65.19,62.0,60.12,58.69,55.49,54.76,52.54,
51.48,52.41,55.49,58.59,53.41,50.7,45.83,33.0,32.0,30.0,
28.52,29.49,31.0,39.5,45.35,51.69,53.69,54.82,53.49,53.28,
52.89,50.48,50.0,49.61,50.44,48.69,53.0,56.77,54.82,52.69,
46.57,39.5,35.2,32.0,31.4,30.0,30.71,39.5,45.35,48.6,
48.11,48.07,44.65,42.69,40.85,38.4,34.8,35.2,41.26,46.69,
50.61,58.11,56.56,52.41,50.48,41.45,38.4,34.0,32.0,30.06,
32.4,38.4,44.05,50.14,51.5,51.02,50.48,50.48,49.66,46.67,
44.35,43.96,46.26,48.69,52.25,56.19,53.01,50.48,46.09,39.5,
34.35,29.53,28.01,28.05,29.85,39.5,49.0,51.8,53.0,52.19,
51.69,50.48,49.66,50.48,49.0,49.0,50.14,50.0,55.0,57.55,
53.07,50.5,48.41,49.59,43.41,39.5,36.44,35.0,35.0,35.5,
37.69,47.35,51.18,51.69,50.48,49.78,49.0,46.67,37.69,35.5,
37.3,40.0,50.14,53.0,52.02,48.28,45.35,34.5,32.68,28.75,
29.48,28.75,30.45,29.48,28.5,34.0,34.5,33.1,32.25,31.25,
30.75,30.4,28.33,28.28,27.08,32.25,46.71,51.0,48.27,40.53,
31.1,27.95,25.0,25.0,24.23,25.35,30.51,48.88,50.48,51.33,
51.08,49.65,49.69,49.26,46.5,39.94,36.07,34.46,42.32,50.48,
57.27,55.69,50.69,48.0,39.5,29.86,28.48,29.36,29.86,35.0,
42.69,45.35,53.49,55.18,53.98,52.0,49.69,45.35,45.0,41.5,
39.5,41.5,43.8,49.69,53.69,50.89,47.02,41.5,24.65,21.9,
19.16,21.9,14.9,24.65,28.01,27.51,33.96,38.0,37.17,35.01,
38.0,38.12,30.4,27.58,27.56,27.5,26.53,30.0,39.7,40.48,
37.97,28.0,31.55,27.22,26.71,27.16,27.39,29.6,30.0,36.0,
39.44,40.12,39.44,39.44,39.3,39.19,39.69,39.44,39.69,40.12,
40.0,39.69,50.0,55.69,47.58,40.12,37.1,35.05,27.25,30.0,
30.0,27.17,34.0,35.0,36.1,39.5,39.1,39.25,39.0,39.25,
28.0,21.51,19.64,19.48,14.59,14.59,25.92,33.21,26.92,17.11,
30.0,19.51,14.35,15.11,14.35,14.35,14.35,12.2,14.35,20.71,
26.0,28.0,27.64,26.02,26.82,26.93,27.07,27.18,26.22,30.57,
39.0,50.02,45.0,42.0,43.25,37.94,31.04,31.28,28.34,30.0,
33.78,35.3,41.09,43.5,41.79,40.12,40.12,40.12,37.69,30.0,
30.0,30.0,31.78,40.32,43.38,50.48,46.76,43.89,41.1,38.4,
34.97,28.01,29.28,36.42,42.69,45.69,50.48,56.19,57.69,55.69,
51.15,49.95,45.1,42.95,40.75,42.69,42.95,43.1,50.48,56.69,
45.69,40.12,41.55,29.15,27.53,27.45,26.76,27.22,29.65,37.05,
41.88,44.12,45.1,45.0,45.6,45.1,43.19,43.01,42.95,42.94,
44.65,48.0,52.69,58.99,55.11,50.5,50.0,45.52,40.63,36.98,
37.0,39.4,48.0,50.1,53.19,56.77,59.6,57.69,56.69,56.18,
52.1,50.48,51.49,52.1,53.02,56.18,59.98,61.89,55.0,51.69,
54.1,47.02,42.33,41.95,42.05,42.17,54.1,59.2,61.6,60.99,
61.69,60.69,60.69,60.19,59.2,58.0,57.6,59.1,59.18,59.03,
60.0,64.1,60.85,60.55,51.87,46.85,42.15,44.3,43.38,43.0,
44.28,45.03,50.48,54.24,59.23,57.6,55.1,53.69,52.6,51.01,
46.18,44.29,44.67,44.3,51.83,57.6,57.17,55.04,50.74,40.54,
36.7,36.7,32.01,31.1,31.9,30.0,29.81,32.01,36.7,31.9,
28.16,26.88,25.99,25.97,26.92,27.24,25.2,30.0,40.54,55.1,
51.48,47.38,40.54,33.99,32.01,31.1,30.45,34.98,43.94,53.0,
56.77,59.47,57.48,53.41,50.05,48.88,50.06,47.19,45.25,44.01,
45.11,49.31,55.49,58.9,52.48,48.34,54.98,45.25,43.55,43.14,
42.17,43.76,54.98,60.1,60.1,62.0,61.6,60.95,60.95,60.12,
57.56,57.0,56.5,57.49,58.1,58.1,62.0,67.01,63.69,60.1,
56.26,52.1,49.0,50.1,52.02,50.1,51.72,50.1,53.6,56.77,
57.01,54.64,49.9,46.89,39.75,34.11,32.0,31.99,34.11,39.24,
50.0,57.58,55.76,50.04,49.9,35.0,33.83,33.2,31.99,31.1,
31.99,31.0,32.4,34.11,38.8,39.24,39.75,49.9,39.24,38.9,
38.8,34.7,38.8,42.33,57.56,67.07,65.3,61.0,57.01,50.0,
45.25,45.98,47.39,50.0,56.77,59.5,62.0,64.71,63.5,61.42,
61.42,60.1,59.02,55.2,54.48,54.57,50.31,51.72,56.9,60.5,
55.03,44.2,42.9,41.0,38.5,38.4,39.3,41.7,43.99,53.19,
57.56,60.1,60.1,58.1,57.1,55.08,50.98,42.33,42.17,43.38,
42.17,43.3,52.69,60.0,53.69,44.28,41.7,36.59,36.49,36.49,
33.01,36.49,44.28,52.49,57.01,58.27,58.64,58.02,57.56,56.51,
50.59,46.98,44.69,49.08,50.48,51.0,57.56,64.6,59.85,58.0,
59.85,57.1,52.25,55.03,55.0,55.0,59.5,63.1,65.1,66.69,
66.89,65.69,65.2,64.19,62.69,60.0,60.0,60.01,60.95,63.65,
65.1,69.49,65.1,61.42,58.75,57.1,54.61,54.5,52.2,54.02,
57.4,59.96,60.95,61.46,63.1,61.42,60.99,59.23,56.77,53.28,
51.72,52.4,50.98,50.76,54.01,60.1,54.5,49.08,56.0,44.69,
37.52,37.52,33.1,33.01,37.52,37.52,40.0,47.28,48.96,49.8,
48.1,48.96,47.1,39.83,36.94,37.52,38.99,43.99,52.1,60.01,
56.1,49.8,37.52,26.86,21.59,25.0,21.59,21.49,25.0,21.69,
25.0,28.56,37.52,37.52,40.95,46.0,37.52,26.03,21.49,21.57,
23.35,27.84,35.1,56.6,54.1,40.0,37.52,31.51,27.1,27.1,
27.1,29.2,38.0,43.94,48.57,48.43,48.28,48.43,50.35,50.1,
45.9,41.49,40.41,43.18,44.97,46.88,50.01,58.1,54.85,51.15,
51.88,41.38,39.86,38.4,38.4,39.86,51.82,57.2,59.23,60.95,
60.49,60.35,60.95,60.99,57.99,57.48,55.62,57.48,56.3,57.6,
60.95,66.2,62.42,60.1,57.88,57.58,55.1,55.1,53.52,54.0,
57.6,59.85,59.97,59.99,58.55,55.35,55.85,54.52,49.71,45.45,
45.25,45.35,45.35,49.1,55.1,59.85,54.57,45.8,43.49,35.5,
35.2,35.2,30.6,30.6,30.6,30.0,30.6,35.3,35.2,35.4,
35.5,36.8,32.5,30.0,30.0,30.6,42.01,51.4,55.35,62.0,
60.01,57.6,50.9,41.77,38.0,37.1,36.9,36.7,37.4,38.0,
41.15,43.0,45.12,44.71,42.0,41.6,37.0,32.0,27.5,28.2,
32.08,37.1,46.39,54.15,53.5,47.19,33.1,30.2,27.0,27.0,
26.87,27.0,27.23,27.0,29.14,32.89,40.07,40.2,40.23,40.23,
40.09,33.68,32.4,40.03,40.23,42.46,55.03,64.6,65.01,60.15,
52.2,50.5,44.29,42.55,40.74,41.91,50.9,54.1,58.57,60.1,
58.57,55.1,51.4,41.6,39.25,37.7,37.13,38.57,38.19,38.19,
40.23,40.06,38.31,27.19,24.0,26.04,25.96,25.96,25.93,27.13,
37.7,47.02,54.6,54.74,55.08,54.74,54.6,54.23,50.67,46.89,
45.25,50.5,50.5,50.5,54.74,62.0,60.01,54.74,57.0,55.0,
49.31,47.0,47.0,52.04,58.1,61.01,65.69,64.69,62.01,61.59,
63.1,63.1,63.1,61.42,61.59,62.01,62.0,62.0,64.0,67.01,
64.2,60.75,56.0,53.1,49.31,47.0,44.02,44.02,49.1,51.72,
57.98,58.5,55.1,53.1,53.12,49.2,42.1,41.8,41.8,42.1,
42.12,44.79,51.5,59.03,56.77,43.76,34.0,28.91,27.0,25.0,
22.05,23.55,30.0,37.7,39.25,41.7,39.02,38.0,37.7,37.7,
35.68,32.0,36.8,38.5,41.39,42.1,52.56,60.7,60.95,58.2,
56.57,53.0,51.9,51.71,51.01,51.4,51.9,52.1,55.83,57.98,
57.98,57.98,56.77,55.68,55.1,51.15,49.6,48.82,48.88,46.89,
49.0,54.35,52.0,49.6,48.88,48.36,45.1,45.1,41.29,41.29,
41.29,37.63,38.0,37.63,40.13,42.4,41.29,41.2,37.63,35.9,
35.1,35.55,36.0,37.63,41.29,55.0,56.55,50.1,53.85,49.06,
45.1,45.1,43.98,47.6,51.65,56.0,59.23,58.86,57.6,56.83,
56.5,56.7,54.0,50.0,48.36,49.06,48.82,48.1,52.97,59.19,
57.6,51.1,51.37,49.06,46.39,45.1,46.91,49.01,52.97,57.6,
60.99,60.1,59.0,57.6,57.0,55.79,54.0,50.99,48.29,49.06,
48.82,48.82,52.6,58.19,54.56,49.06,49.06,45.13,43.98,42.81,
43.98,44.25,49.82,50.7,55.1,56.1,56.2,55.1,52.6,51.36,
48.2,43.98,42.02,43.98,43.98,47.6,51.36,55.9,52.0,50.32,
55.19,50.0,45.1,43.5,41.0,44.0,47.6,51.61,55.48,56.63,
56.1,55.19,52.2,50.56,42.1,37.25,36.66,36.26,34.2,34.2,
36.66,42.1,36.86,31.86,31.4,30.0,29.3,29.4,29.4,31.0,
33.74,39.5,49.1,50.1,50.0,50.6,52.0,50.1,48.27,45.13,
45.1,45.13,42.81,46.0,48.96,56.77,56.02,48.96,43.0,39.5,
33.0,32.6,31.4,30.6,30.6,29.9,32.4,37.6,33.0,33.85,
33.35,39.3,36.22,32.4,30.6,30.4,30.75,33.85,31.6,39.5,
38.5,32.4,29.6,23.2,18.85,19.6,18.85,18.85,19.9,19.6,
23.2,26.85,28.74,31.1,33.1,39.5,54.37,53.31,55.48,55.48,
53.83,52.7,53.07,55.48,50.6,47.2,41.97,38.4,34.6,34.6,
34.4,34.6,39.0,42.71,39.21,45.1,47.4,48.0,50.2,50.6,
45.0,45.28,45.6,46.0,46.0,46.1,48.1,50.2,47.75,45.75,
43.25,36.58,34.5,34.25,34.25,35.13,43.9,43.0,46.1,45.5,
45.16,49.1,53.02,52.1,48.6,47.6,47.6,46.12,45.75,41.98,
41.98,46.1,42.75,43.9,45.1,38.5,38.0,35.7,35.7,38.5,
45.0,47.15,45.35,45.55,45.0,45.0,45.6,46.1,45.75,45.0,
45.55,45.75,46.06,45.87,47.1,50.2,48.0,45.46,38.4,32.0,
30.1,28.3,28.07,28.3,30.1,27.9,35.0,39.25,42.1,42.6,
43.1,43.6,39.25,35.0,31.0,29.0,29.0,29.57,32.6,39.25,
39.25,32.4,30.6,26.5,27.05,26.5,26.5,26.75,26.2,24.8,
25.0,26.1,28.29,35.1,39.0,40.1,39.0,30.01,28.42,28.0,
28.33,28.29,37.0,45.1,47.85,42.95,42.1,38.5,38.0,36.58,
36.58,38.5,43.54,46.17,48.1,50.03,52.0,52.79,55.0,54.49,
54.1,53.05,52.1,53.05,51.77,50.04,51.3,56.0,53.85,49.98,
49.98,44.88,40.5,39.74,39.74,42.1,44.1,47.97,50.6,51.69,
51.69,51.25,51.25,50.1,48.35,48.35,49.05,49.69,48.18,47.02,
48.35,52.42,49.98,45.01,47.08,39.5,36.19,35.0,35.0,35.65,
39.74,49.98,52.25,52.1,51.25,52.25,53.25,54.1,52.5,53.0,
53.69,53.7,53.25,52.93,53.07,55.51,53.25,51.0,50.8,48.1,
45.93,44.72,44.72,46.39,52.0,54.05,55.0,55.97,56.15,56.15,
56.5,56.15,54.3,54.05,54.05,54.1,54.05,53.51,53.46,57.0,
54.98,52.0,51.0,46.5,45.08,45.93,47.08,51.49,52.42,55.97,
58.0,59.95,60.69,60.69,61.19,60.1,57.84,56.57,56.23,55.97,
54.05,54.01,54.05,56.9,56.0,53.12,54.05,52.25,51.25,50.0,
50.0,50.1,50.35,49.98,51.49,52.6,54.23,55.95,54.05,52.53,
51.49,50.39,45.28,44.55,44.12,48.18,50.07,53.0,53.0,51.25,
52.42,50.1,47.0,45.05,44.63,44.9,45.0,43.57,45.05,45.13,
49.95,51.25,50.1,51.0,49.98,44.55,43.55,42.5,42.61,43.57,
45.28,56.23,59.91,53.0,53.01,45.65,44.04,43.58,43.98,44.91,
51.0,55.76,59.95,60.5,61.29,61.69,61.95,61.29,57.0,55.5,
56.23,57.49,56.6,56.0,56.69,59.6,59.03,54.98,56.7,53.5,
49.79,48.9,47.3,49.47,53.0,57.48,59.0,59.2,59.14,59.14,
59.33,59.0,57.48,57.1,57.48,59.14,58.0,58.0,58.9,60.21,
59.95,56.7,54.07,47.5,45.0,44.89,44.99,45.11,51.6,57.5,
60.22,61.0,61.22,61.51,61.59,61.49,60.1,59.14,59.09,59.4,
58.48,57.5,58.48,58.48,57.07,53.0,50.89,45.06,43.5,43.13,
42.94,42.46,42.25,42.46,44.97,53.75,55.53,57.0,57.48,59.49,
57.0,50.07,44.35,44.35,43.65,43.49,44.35,53.75,55.53,45.06,
48.53,43.0,41.0,40.5,40.5,40.5,39.67,39.0,40.0,40.5,
42.93,47.0,51.64,55.53,55.07,44.35,43.99,43.98,44.97,46.97,
44.97,56.07,61.1,56.07,53.75,45.01,43.44,43.41,43.01,43.51,
46.5,55.53,59.75,60.6,61.6,62.0,62.48,62.48,60.7,60.48,
60.6,61.1,61.0,59.75,59.0,61.0,59.7,54.58,54.58,51.6,
46.44,45.01,44.82,45.52,49.05,56.07,62.06,62.48,62.48,62.59,
63.1,62.69,62.06,60.19,60.1,61.29,61.29,60.3,60.69,62.59,
62.48,60.0,57.8,52.6,50.69,48.13,49.0,50.82,54.58,57.07,
61.56,60.8,60.69,60.69,60.19,59.6,55.07,53.35,54.58,56.63,
59.6,60.19,61.0,62.48,62.48,60.8,62.22,59.69,54.2,52.45,
52.44,53.92,55.53,59.75,62.59,64.19,65.19,65.69,65.69,65.19,
62.5,60.0,60.3,61.26,62.0,61.26,62.51,64.5,65.0,64.1,
62.69,60.49,57.2,53.75,50.0,49.41,54.58,59.75,62.07,62.5,
62.6,62.5,62.5,62.07,58.21,54.58,53.75,54.59,54.58,54.69,
58.95,62.03,62.19,61.41,60.21,58.95,55.1,52.78,53.44,53.6,
52.78,52.1,57.07,60.0,62.19,62.23,62.13,60.15,58.1,53.6,
47.91,47.59,50.65,55.0,57.07,60.0,62.13,58.21,55.67,48.44,
45.0,44.35,43.75,44.09,44.0,43.44,44.98,46.6,48.35,51.5,
53.1,54.6,53.75,51.24,48.1,48.3,51.53,55.67,56.61,62.19,
64.0,61.57,54.49,47.5,44.35,43.44,42.87,43.44,48.0,53.75,
59.75,62.48,62.95,62.69,63.95,62.95,62.19,60.1,60.0,60.1,
59.75,57.0,58.1,58.95,57.69,52.78,52.37,46.44,44.37,43.62,
43.62,44.35,46.6,53.75,56.61,58.64,58.3,58.1,59.75,59.75,
52.5,47.05,49.72,51.13,47.05,44.98,46.19,51.42,50.76,42.43,
38.45,33.92,30.13,28.6,28.56,30.4,34.99,42.37,44.19,50.07,
51.73,52.9,55.13,55.1,52.69,47.05,52.69,53.2,52.69,52.1,
54.0,56.05,55.67,43.8,41.4,35.6,33.55,33.55,33.55,33.92,
41.01,50.4,56.61,56.61,57.19,56.61,57.87,57.05,55.32,54.6,
54.6,54.05,52.3,47.67,49.44,53.61,53.1,43.8,46.03,41.0,
37.0,35.4,33.52,33.52,33.52,36.6,42.5,48.15,53.05,53.95,
54.1,54.55,52.1,43.5,42.87,42.87,52.1,53.9,54.8,56.3,
60.21,56.6,58.0,53.48,52.67,53.0,52.1,53.86,59.6,62.5,
65.48,66.99,66.05,65.98,65.48,64.3,61.54,59.04,61.0,62.13,
61.54,60.99,62.19,64.83,64.15,61.54,62.21,59.13,53.75,53.0,
53.0,53.48,59.13,61.45,64.19,64.69,65.0,65.02,65.0,62.99,
57.1,53.22,53.0,53.75,53.6,53.75,58.67,62.21,62.5,55.0,
55.5,53.75,50.63,49.96,50.0,53.22,58.67,60.69,64.13,64.19,
64.19,64.19,64.69,64.19,60.8,59.61,60.03,60.8,60.6,59.61,
60.67,63.33,64.0,59.61,59.7,58.9,55.0,53.6,53.62,58.67,
60.8,62.69,64.19,64.69,65.01,65.19,65.19,64.19,61.0,59.7,
60.5,62.0,61.49,59.61,59.61,63.52,64.03,59.61,63.6,61.0,
59.13,59.32,59.51,60.18,62.21,64.13,65.57,67.0,67.1,67.57,
67.1,66.1,63.33,61.75,61.1,62.1,62.0,61.94,60.8,61.0,
60.53,56.1,52.65,46.64,45.69,45.99,46.02,46.03,46.71,48.14,
59.61,64.19,64.23,65.0,65.0,65.0,62.69,59.61,58.67,58.6,
59.0,56.03,57.8,59.13,60.5,52.65,53.75,46.64,45.64,45.5,
45.55,45.64,46.64,45.79,48.11,46.64,48.11,52.34,53.75,57.19,
53.6,48.11,46.37,45.45,45.64,46.37,48.11,56.6,61.1,56.87,
48.79,46.25,46.25,46.37,46.71,48.9,59.13,62.0,64.13,64.19,
66.0,66.5,67.08,65.57,61.87,61.0,60.94,62.5,62.21,62.0,
61.87,63.01,62.7,59.75,59.75,52.65,49.0,49.34,50.0,52.48,
56.9,59.75,62.69,64.08,65.0,66.5,66.21,64.23,60.69,59.0,
58.25,59.61,59.61,59.61,60.69,62.21,61.87,56.25,59.52,51.1,
47.5,48.5,48.79,50.51,59.13,60.8,61.87,64.23,66.5,67.1,
66.1,65.0,59.75,59.61,59.53,61.1,61.1,61.1,61.87,63.71,
64.1,59.13,60.12,55.0,51.31,52.64,55.92,59.0,61.3,63.0,
65.19,69.01,69.98,70.02,70.69,69.98,69.1,68.0,67.1,68.09,
67.9,65.69,64.23,65.11,65.19,62.0,60.61,56.9,57.88,59.67,
60.0,59.67,60.1,62.0,63.19,65.01,66.1,65.69,64.69,61.6,
55.24,54.99,51.7,60.0,58.94,57.34,57.8,62.37,63.1,59.67,
59.69,51.1,49.35,49.0,49.66,49.8,50.48,50.47,59.69,62.29,
64.69,65.69,65.15,64.41,62.29,54.5,50.47,49.99,50.48,50.84,
60.1,64.33,64.41,59.69,61.11,50.84,46.85,45.64,45.61,45.45,
45.64,44.32,45.64,47.35,50.84,55.1,59.42,60.1,59.42,55.1,
48.1,47.8,47.8,48.1,50.84,64.13,65.57,60.53,49.99,46.6,
46.02,46.37,46.71,49.0,57.0,59.69,62.0,67.17,68.99,69.1,
68.99,67.0,63.1,59.69,59.69,60.11,60.11,65.0,65.05,64.41,
65.15,60.49,62.7,60.0,50.84,51.0,51.57,56.9,62.0,62.5,
65.0,67.48,68.6,69.0,69.01,68.09,64.89,63.96,62.7,62.73,
61.61,59.69,54.07,56.4,59.69,55.0,60.53,51.28,48.5,48.5,
48.5,48.5,52.13,52.34,59.69,64.0,65.1,67.08,68.15,68.1,
66.54,64.41,64.13,64.18,62.5,60.25,60.11,61.57,61.11,55.0,
49.99,47.98,45.88,45.79,45.79,45.88,48.09,48.69,50.52,59.69,
62.52,65.0,67.0,67.57,65.6,66.6,68.99,69.43,68.99,68.99,
68.6,69.48,69.5,67.0,64.69,63.2,61.69,61.0,60.53,60.53,
62.5,62.52,64.69,66.1,66.1,66.9,67.03,65.4,63.79,62.1,
62.29,62.7,62.29,61.98,62.0,62.52,62.52,55.68,60.25,51.59,
48.5,48.2,46.84,46.52,46.73,45.6,48.5,51.31,60.89,63.31,
64.31,65.28,63.31,60.6,57.1,54.02,54.61,56.5,60.83,63.31,
63.6,60.6,61.78,50.84,48.7,48.3,47.3,46.73,46.27,44.59,
45.97,46.27,48.8,53.08,57.07,61.78,61.38,53.97,50.63,49.1,
49.2,48.7,50.84,61.38,64.8,60.79,61.26,48.5,47.98,47.98,
47.85,48.7,61.26,62.43,65.1,66.47,68.1,69.69,70.6,70.25,
69.0,67.6,69.1,69.27,68.1,65.42,63.8,65.42,65.85,60.6,
61.1,53.21,48.7,48.5,49.28,48.5,53.98,52.0,60.98,64.0,
66.59,69.1,69.69,69.69,67.5,65.6,66.4,66.1,64.34,61.66,
60.98,62.22,63.15,56.81,60.43,50.85,49.46,47.98,47.98,48.8,
56.47,61.57,64.5,66.6,68.1,69.48,69.69,69.48,67.03,65.51,
65.51,65.51,65.32,63.71,62.89,65.1,65.51,60.7,63.77,59.0,
52.0,53.46,50.73,51.2,61.43,65.46,65.46,68.6,68.69,69.1,
69.5,69.36,66.66,64.6,65.1,66.94,68.14,68.27,69.01,70.0,
70.1,65.46,63.0,51.2,50.6,50.89,51.1,53.99,62.0,62.93,
64.03,68.8,69.73,70.0,69.73,69.08,66.96,63.28,63.08,65.27,
66.96,67.98,68.16,68.9,69.08,66.96,69.48,67.6,62.47,61.0,
57.1,54.34,54.04,51.36,64.63,68.1,68.16,69.0,68.69,67.6,
62.93,51.1,49.99,50.63,51.5,61.0,66.96,70.0,71.0,67.6,
69.01,62.93,54.33,50.7,49.66,47.98,47.85,45.94,46.92,48.73,
51.58,54.33,57.2,62.47,60.0,52.35,50.7,51.0,52.35,54.32,
65.27,71.03,72.48,70.3,63.29,52.35,50.0,48.67,47.98,49.81,
52.85,62.24,63.6,69.48,71.56,71.82,72.15,72.0,70.78,69.1,
69.1,70.0,69.34,68.16,67.63,69.0,69.0,63.0,65.74,59.0,
52.91,52.85,52.6,52.85,62.1,65.49,68.16,70.3,71.0,71.35,
71.65,71.41,69.73,69.03,68.5,69.1,66.96,66.39,65.27,68.16,
69.34,66.1,65.74,61.2,53.59,52.54,51.5,51.33,56.01,63.03,
66.01,69.0,70.01,70.49,71.0,70.6,69.68,68.98,68.98,68.16,
66.21,65.27,64.03,66.1,66.1,61.1,61.23,51.5,49.99,50.84,
51.25,51.74,62.0,66.8,68.98,69.48,70.2,70.49,70.81,70.81,
69.73,68.98,69.1,69.48,68.98,67.59,66.96,68.16,68.98,64.03,
64.1,52.54,50.25,49.5,48.5,49.5,51.33,62.5,66.22,68.6,
68.98,69.1,70.0,68.98,66.2,63.07,62.47,61.49,58.75,54.32,
54.34,60.0,60.5,51.75,47.85,45.5,43.5,40.78,39.91,40.5,
40.94,40.5,45.0,46.67,48.67,58.6,62.19,62.93,58.6,52.81,
51.36,51.57,51.25,53.0,61.09,64.6,67.1,62.93,62.1,51.8,
48.0,47.45,47.35,46.78,46.41,44.54,45.1,46.41,47.0,47.85,
48.1,47.85,46.61,44.72,43.41,42.75,44.72,45.69,48.0,62.93,
68.16,63.29,47.55,45.61,44.54,43.8,42.75,44.72,46.69,52.12,
63.96,68.0,69.01,70.3,71.2,70.79,68.69,68.1,68.1,68.46,
68.0,67.4,67.0,68.1,68.1,62.69,61.98,52.54,49.61,49.0,
49.0,50.0,59.1,62.93,66.12,69.1,70.0,71.02,71.67,71.02,
68.46,66.71,66.7,66.5,64.8,63.49,63.49,66.1,66.2,60.1,
61.98,51.6,48.6,49.0,48.1,49.08,57.1,62.93,66.0,68.3,
68.46,70.0,70.68,70.01,67.1,65.1,63.49,62.57,59.68,57.1,
54.72,62.1,62.93,54.72,49.1,46.79,45.5,45.0,42.8,44.7,
45.8,47.36,54.1,61.98,62.47,63.27,64.03,64.27,62.6,62.0,
62.1,62.47,60.91,59.1,61.57,63.49,63.49,57.1,55.01,47.87,
46.79,46.61,46.37,46.61,48.0,52.57,59.0,62.93,63.93,63.29,
63.29,62.1,59.49,57.63,57.1,57.97,53.87,53.0,56.57,60.22,
60.47,54.71,49.0,46.86,45.68,44.99,44.81,44.68,44.81,44.81,
46.85,49.0,54.36,61.98,62.47,62.93,61.98,57.48,54.38,54.36,
52.04,54.38,60.33,66.0,63.6,55.5,52.54,46.86,44.98,44.68,
43.56,42.32,41.0,40.16,40.16,40.3,43.25,43.39,43.28,42.68,
41.0,40.16,40.16,40.16,42.56,44.76,48.62,63.5,66.78,61.98,
61.98,48.62,46.85,46.85,46.85,47.1,60.0,63.49,66.1,68.82,
70.0,69.67,69.4,68.69,63.49,62.47,61.98,62.93,62.93,62.93,
63.03,68.46,67.6,61.98,62.47,51.79,48.5,48.34,48.09,48.5,
52.54,54.36,61.1,65.48,66.99,68.46,69.17,69.69,68.46,66.96,
66.96,66.99,66.57,65.48,65.48,68.72,66.99,62.93,63.48,58.21,
51.0,50.13,50.0,50.0,55.98,62.47,64.99,67.44,67.57,68.56,
68.46,67.0,63.48,59.7,58.26,60.5,61.39,62.47,63.98,68.56,
67.94,62.93,62.47,60.98,54.04,51.11,50.65,52.67,60.98,62.48,
64.03,68.1,69.01,69.47,69.69,68.77,65.27,62.5,61.99,62.47,
62.47,61.99,62.93,68.1,66.6,61.1,63.6,61.1,50.72,49.69,
49.5,49.95,61.0,62.93,65.03,69.53,70.66,71.51,71.69,71.69,
70.0,69.0,67.1,66.96,64.5,62.52,61.68,64.11,61.68,51.68,
52.0,48.75,46.94,45.13,44.93,44.51,44.51,43.49,45.59,49.04,
57.35,63.24,64.18,65.75,64.18,63.29,61.1,58.79,56.01,57.0,
61.1,65.27,64.18,52.0,46.94,45.0,43.49,41.5,40.61,40.51,
40.51,35.14,39.52,41.65,43.97,44.86,45.0,46.17,46.48,45.11,
45.11,45.0,46.17,46.94,53.0,65.81,66.9,59.69,51.25,48.1,
47.57,47.57,48.0,48.04,53.56,55.89,60.1,66.0,67.1,67.1,
67.1,67.1,65.25,64.98,64.98,65.01,65.01,64.98,65.0,68.3,
67.1,61.6,63.29,54.07,49.25,49.0,49.0,49.5,57.17,63.0,
64.0,67.1,67.8,68.46,68.46,68.58,67.0,65.48,65.0,65.25,
64.18,64.18,64.36,67.7,66.25,62.47,62.01,53.56,49.64,49.9,
50.01,50.1,58.64,62.01,62.47,67.1,67.57,67.66,67.7,67.69,
65.48,62.47,59.3,59.48,56.37,54.07,54.07,64.18,62.47,54.0,
57.6,49.25,47.16,46.5,46.5,46.48,46.5,47.16,48.5,59.1,
61.43,61.68,61.43,59.3,49.64,48.29,48.05,48.1,48.29,48.9,
49.97,62.48,62.24,50.03,46.17,44.51,42.47,40.89,40.89,40.9,
44.51,46.85,49.04,60.28,63.6,65.3,67.48,67.48,65.27,62.0,
59.25,59.0,58.03,57.6,59.5,65.3,64.0,55.0,51.15,49.98,
48.94,47.94,46.93,46.18,47.68,45.39,46.54,48.0,48.0,48.5,
48.94,48.94,47.94,44.9,44.14,44.0,44.34,45.7,49.93,64.18,
64.18,57.0,55.0,49.98,48.94,48.48,48.94,48.48,49.92,48.48,
49.63,49.98,49.98,49.98,49.98,49.98,49.98,47.95,47.0,47.94,
47.95,49.98,57.9,70.0,69.19,63.6,55.45,49.92,47.94,47.94,
47.94,47.94,49.98,60.9,62.47,65.1,66.0,68.46,69.2,69.01,
67.78,64.18,64.18,64.18,63.85,62.6,62.47,65.1,62.6,55.0,
49.56,46.89,45.63,45.54,45.19,45.7,47.57,49.63,54.05,61.5,
62.6,63.49,64.0,64.1,63.49,62.48,62.48,61.7,61.1,56.1,
57.57,62.48,60.03,49.5,48.1,44.34,43.15,44.15,44.3,44.52,
47.7,49.04,53.0,63.69,64.3,64.6,65.4,66.1,65.1,64.48,
64.48,64.48,64.48,63.5,64.1,65.19,64.0,54.03,48.48,47.53,
45.78,45.54,45.99,47.53,48.48,51.13,61.48,64.1,64.18,64.1,
64.18,64.1,62.47,61.48,61.48,61.68,62.47,62.0,63.0,64.75,
63.8,59.9,60.0,51.12,49.72,49.5,49.5,49.8,55.4,64.18,
65.4,68.1,68.1,68.46,68.46,68.09,65.3,63.8,62.47,63.93,
64.18,64.69,65.4,68.58,66.69,64.01,63.5,57.31,49.86,49.85,
49.31,49.31,49.85,49.85,61.1,64.1,64.1,64.1,64.03,63.5,
53.74,48.36,42.35,41.52,43.63,45.0,49.56,62.98,57.47,48.57,
42.0,40.51,42.2,42.0,42.0,40.13,42.0,38.13,37.05,37.3,
35.0,30.4,27.81,26.19,14.99,10.28,13.32,19.01,20.23,26.99,
33.86,45.0,46.0,38.13,35.0,29.92,28.29,30.0,31.0,34.0,
40.51,45.0,50.8,59.57,62.47,64.0,64.51,65.0,63.29,57.58,
57.9,59.2,62.47,63.89,65.48,69.8,68.46,64.0,63.1,53.72,
49.56,48.57,48.36,49.85,56.38,62.47,63.25,65.0,64.5,64.75,
65.1,65.1,64.0,63.25,62.98,63.29,63.29,63.5,64.1,66.57,
64.18,55.0,51.12,48.11,43.72,42.49,41.42,41.68,46.58,47.1,
49.56,53.9,61.1,62.1,62.53,62.47,56.74,49.89,53.74,60.99,
61.51,62.23,63.6,68.1,65.1,63.0,56.1,50.56,49.0,46.78,
45.0,45.1,49.0,49.56,49.85,55.0,54.16,53.9,51.78,50.82,
48.56,44.6,45.68,49.31,49.63,49.85,55.0,64.35,62.12,55.0,
59.05,51.84,49.85,49.85,49.85,50.82,60.47,62.07,64.33,66.0,
66.1,66.1,67.1,66.1,64.48,61.57,62.0,62.0,61.51,61.35,
62.0,65.6,62.5,55.0,56.1,49.87,48.96,48.96,48.96,48.96,
49.0,48.96,49.43,52.85,54.0,55.5,54.0,54.03,50.1,49.43,
48.96,49.25,49.95,52.87,58.01,64.77,59.69,55.0,50.0,45.6,
43.75,43.15,42.98,42.0,43.49,40.13,39.72,42.0,43.74,43.74,
43.63,43.06,43.06,39.72,39.72,42.0,44.14,48.62,60.0,67.6,
67.1,64.77,59.99,50.0,47.89,48.62,48.62,50.0,61.01,64.18,
66.12,70.26,70.57,70.48,70.73,70.48,69.1,67.1,67.1,67.69,
67.69,67.32,67.6,70.48,67.7,63.75,60.47,52.88,48.62,47.69,
45.85,45.78,49.3,55.93,60.47,57.5,59.57,60.47,63.52,63.69,
60.47,60.1,62.53,63.01,62.29,61.51,65.5,67.67,61.51,54.9,
51.5,49.3,47.69,47.69,47.2,47.55,51.5,62.5,63.48,63.76,
65.0,65.0,65.49,65.25,63.48,63.48,62.53,62.52,61.0,58.01,
61.51,63.69,57.57,49.94,49.94,47.55,45.0,44.72,43.78,45.13,
49.3,54.5,56.03,59.26,58.12,58.18,59.5,60.1,60.09,59.5,
60.09,60.09,58.12,58.1,59.13,62.5,55.07,50.0,49.95,47.5,
44.43,43.85,43.0,43.85,47.55,54.15,58.63,62.01,62.25,62.6,
63.5,63.0,60.1,57.38,57.0,58.63,56.5,54.0,58.63,61.33,
55.0,50.01,51.05,48.26,44.8,42.75,41.98,41.02,41.98,42.75,
44.43,50.02,53.13,58.52,58.81,59.31,58.12,55.01,52.5,50.02,
54.55,54.12,59.5,64.0,60.01,56.01,51.6,49.0,46.48,46.27,
45.58,46.27,51.05,58.98,60.01,63.1,64.96,65.9,67.08,67.1,
62.35,61.31,61.51,62.22,62.22,62.35,65.5,67.6,63.1,59.59,
61.85,59.59,57.5,56.0,54.75,54.15,60.68,64.0,64.1,62.85,
64.1,62.35,62.6,62.85,60.52,59.31,59.59,61.07,61.4,62.0,
64.1,67.0,61.85,58.98,59.31,58.5,55.0,54.15,52.98,54.15,
59.59,59.31,59.31,60.87,64.0,63.6,64.1,63.6,59.85,59.0,
59.26,59.59,59.43,59.59,63.1,65.6,60.26,57.5,59.1,58.8,
57.75,57.0,56.5,56.15,58.81,59.31,58.81,60.2,60.1,58.98,
60.0,58.81,54.98,49.45,47.12,46.56,48.76,50.01,55.1,60.01,
54.1,51.05,59.31,55.69,42.1,39.14,36.5,36.0,36.5,34.0,
32.1,36.1,36.5,34.35,30.0,26.83,24.1,20.0,12.0,25.84,
26.69,36.8,42.11,58.5,56.0,40.0,34.19,32.69,29.99,25.79,
25.76,25.83,37.97,46.17,50.78,58.81,59.59,58.53,59.51,59.19,
56.28,56.6,56.69,58.5,58.81,57.0,61.51,66.6,58.0,57.0,
52.69,55.0,49.99,49.25,48.44,47.46,49.5,49.5,49.62,54.1,
54.01,52.69,52.05,46.56,41.1,40.02,40.02,40.6,40.1,41.0,
48.63,52.0,40.02,32.4,26.59,25.77,24.1,12.4,12.4,12.7,
25.8,31.01,34.23,39.0,47.1,48.03,46.3,43.63,38.11,35.0,
35.71,38.7,39.11,41.79,48.76,58.0,44.5,37.0,37.0,37.0,
35.0,31.1,30.0,35.5,39.1,46.35,50.36,52.01,55.0,53.52,
55.0,55.0,51.65,50.94,51.72,55.75,54.1,53.01,58.52,63.6,
55.25,51.32,53.43,52.0,48.26,48.5,47.42,48.06,55.55,57.75,
58.6,59.1,59.1,57.0,57.5,57.0,55.5,49.79,51.39,55.0,
54.84,55.25,59.1,58.31,48.06,45.77,45.86,43.5,42.5,43.5,
43.0,43.0,44.17,45.42,46.56,55.1,54.6,54.01,50.5,48.76,
45.6,43.5,43.5,43.5,45.42,48.33,54.11,56.6,48.76,45.42,
43.0,41.0,40.6,40.13,40.6,41.0,44.1,45.24,45.65,47.4,
45.77,45.51,46.0,49.48,45.65,42.1,41.6,42.1,42.1,46.61,
57.1,62.1,59.31,55.1,55.25,49.57,49.1,49.57,49.23,49.57,
57.1,59.59,59.1,61.1,60.83,59.5,59.5,57.5,54.0,50.6,
50.79,53.49,54.07,52.45,57.1,58.3,53.23,47.98,49.87,48.8,
45.91,45.65,45.0,45.27,47.77,50.79,53.75,58.0,55.33,53.0,
52.95,51.06,48.01,45.24,44.38,45.24,44.0,46.09,52.04,53.51,
46.41,43.46,42.26,42.96,39.64,40.0,40.0,43.19,48.5,55.5,
53.5,55.75,54.5,54.01,52.56,50.06,50.2,49.87,50.1,50.1,
51.19,54.0,57.49,58.0,50.6,52.0,48.5,47.4,45.27,45.42,
45.51,46.27,53.24,52.5,55.26,54.88,54.25,53.25,55.1,55.26,
55.1,55.1,55.1,55.1,53.24,55.5,57.6,58.57,55.35,48.8,
54.0,52.1,48.71,48.8,48.5,50.0,52.35,53.59,55.69,55.99,
54.91,53.91,54.6,53.69,53.1,51.6,51.6,50.6,50.01,52.32,
55.06,54.91,52.6,48.23,52.14,48.63,48.0,49.1,48.5,48.0,
48.5,52.1,50.06,52.1,52.5,52.1,52.1,54.01,53.6,50.83,
48.0,48.5,50.83,49.91,52.6,54.07,52.69,50.83,48.0,44.22,
45.0,45.24,44.66,44.22,43.1,40.85,40.37,44.0,48.5,49.0,
49.5,49.75,49.0,45.24,43.1,42.25,44.0,49.2,50.84,52.1,
47.34,46.61,46.27,43.5,42.62,42.37,39.59,41.0,45.87,53.33,
55.19,54.45,54.63,53.65,54.0,55.1,52.63,52.3,54.5,56.56,
56.6,57.12,59.31,60.01,52.0,52.0,52.1,47.4,45.91,46.09,
47.22,50.0,53.5,56.44,56.69,58.56,60.01,58.1,58.6,58.69,
56.8,56.44,56.5,56.8,55.94,54.07,56.44,56.6,54.0,49.1,
48.2,45.65,45.35,45.29,45.42,45.65,52.0,59.9,60.01,60.6,
60.01,59.1,58.9,59.99,57.0,56.57,57.0,58.9,59.31,59.1,
64.11,68.48,58.9,58.9,56.65,53.5,49.69,49.1,51.25,53.6,
58.02,63.03,63.56,64.66,63.9,61.9,60.9,59.8,56.8,53.6,
53.5,54.9,55.26,61.0,61.69,61.0,56.8,53.0,58.81,56.6,
53.65,52.01,50.0,53.65,57.6,61.5,62.86,64.85,63.4,61.19,
61.25,60.01,56.8,51.89,48.0,51.89,55.97,60.0,63.03,62.69,
59.1,55.42,51.3,48.77,46.3,45.5,44.05,44.3,46.3,47.0,
48.77,58.1,59.5,56.8,54.02,52.1,48.1,43.58,42.62,44.32,
48.77,55.48,60.6,60.01,54.45,48.77,44.5,43.5,40.0,39.4,
37.0,35.5,34.5,34.98,36.5,37.96,39.15,38.66,38.0,35.0,
29.41,27.09,25.44,26.6,34.5,40.0,50.75,54.07,43.0,37.85,
34.77,31.19,26.65,26.43,26.0,26.35,36.5,41.5,44.5,53.01,
51.56,49.16,46.6,45.97,43.42,40.97,41.38,44.0,44.47,48.01,
55.93,52.0,40.0,36.2,33.17,29.1,26.41,25.36,25.39,26.26,
35.29,43.0,48.08,50.1,49.59,48.04,48.04,46.12,43.58,42.2,
43.0,44.5,54.58,59.59,68.48,67.52,60.32,57.25,56.1,55.48,
51.89,47.74,51.92,56.8,59.0,63.69,63.69,64.19,65.0,63.69,
63.5,63.0,60.69,58.1,57.25,57.5,58.1,60.01,64.11,62.69,
58.0,51.0,54.0,47.63,46.29,46.29,46.29,46.29,49.13,56.8,
59.84,61.14,62.1,61.86,61.99,61.6,60.1,60.01,60.1,60.1,
60.1,65.0,62.99,61.1,56.6,51.0,51.89,46.69,46.58,46.58,
46.69,47.63,50.54,59.6,61.04,61.38,61.69,61.04,60.73,60.01,
58.0,55.0,55.6,56.8,59.59,60.5,63.5,61.69,59.0,52.62,
54.0,50.89,47.74,46.3,43.97,43.0,43.15,44.0,46.3,53.11,
52.42,48.7,47.63,47.63,46.3,44.08,43.5,44.84,50.0,52.37,
58.95,56.6,50.3,49.85,50.52,44.97,41.0,39.58,39.5,39.67,
40.53,41.6,41.0,46.3,50.0,50.1,50.0,50.0,49.02,44.86,
41.74,42.58,44.47,50.73,61.0,61.74,57.5,50.1,45.15,39.75,
38.75,38.2,37.7,37.58,43.45,50.3,51.75,53.11,50.3,49.02,
50.52,51.02,50.52,48.06,46.54,47.38,53.33,57.83,58.75,56.02,
48.9,46.3,40.0,38.1,37.0,36.5,36.5,37.2,44.01,54.28,
54.69,55.15,54.61,54.11,55.11,54.69,54.5,54.11,55.0,54.69,
55.11,60.73,60.73,56.57,50.1,46.3,40.2,39.25,38.35,36.0,
36.0,38.35,46.05,54.0,55.6,55.16,54.19,53.4,54.0,53.91,
53.55,52.19,52.28,53.19,56.28,59.02,59.17,56.0,51.1,46.6,
43.97,40.24,39.53,40.0,39.53,40.24,46.29,57.72,61.35,63.1,
62.97,60.1,59.59,58.64,56.7,56.02,56.02,56.6,57.78,63.61,
65.48,63.03,59.0,55.16,56.8,55.02,52.0,52.0,50.0,52.5,
56.7,63.14,63.6,64.8,64.68,62.99,59.71,57.44,56.7,55.25,
55.75,56.7,59.87,63.03,65.01,60.98,56.8,50.5,56.6,47.61,
46.58,43.59,40.34,38.0,39.98,43.08,46.64,48.13,48.28,47.21,
47.15,44.63,42.09,39.74,39.18,42.6,48.8,50.5,52.86,50.0,
44.64,43.85,45.15,42.58,40.0,40.69,41.0,41.87,43.09,45.0,
44.02,47.21,54.0,55.8,56.7,56.7,55.8,47.76,46.82,43.85,
47.44,56.05,60.01,60.17,58.81,56.57,47.61,46.68,42.95,41.69,
40.69,43.0,48.75,60.01,60.17,62.52,63.51,62.18,60.0,59.59,
